Id,CpuId,ThreadNum,CpuNum,LoopCount,NumAcquire,HoldTime,CombineTime,Locktype,WaiterType
0,0,32,32,5354518,8562,86,242471580,Flat Combining (SkipList),Spin Parker
1,1,32,32,5653577,3010,90,484894260,Flat Combining (SkipList),Spin Parker
2,2,32,32,5362356,8571,86,,Flat Combining (SkipList),Spin Parker
3,3,32,32,5656487,3012,91,,Flat Combining (SkipList),Spin Parker
4,4,32,32,5353416,8558,86,,Flat Combining (SkipList),Spin Parker
5,5,32,32,5651209,3010,90,242406120,Flat Combining (SkipList),Spin Parker
6,6,32,32,5368762,8577,86,242363520,Flat Combining (SkipList),Spin Parker
7,7,32,32,5647406,3008,90,,Flat Combining (SkipList),Spin Parker
8,8,32,32,5356395,8563,86,,Flat Combining (SkipList),Spin Parker
9,9,32,32,5656059,3012,90,242413020,Flat Combining (SkipList),Spin Parker
10,10,32,32,5361585,8573,86,242320080,Flat Combining (SkipList),Spin Parker
11,11,32,32,5650770,3010,90,484825350,Flat Combining (SkipList),Spin Parker
12,12,32,32,5360949,8577,86,727255680,Flat Combining (SkipList),Spin Parker
13,13,32,32,5658571,3014,91,969670290,Flat Combining (SkipList),Spin Parker
14,14,32,32,5356906,8560,86,,Flat Combining (SkipList),Spin Parker
15,15,32,32,5654172,3010,90,484835460,Flat Combining (SkipList),Spin Parker
16,16,32,32,5349948,8553,86,,Flat Combining (SkipList),Spin Parker
17,17,32,32,5654215,3009,90,,Flat Combining (SkipList),Spin Parker
18,18,32,32,5341569,8545,86,1454471610,Flat Combining (SkipList),Spin Parker
19,19,32,32,5652356,3010,90,,Flat Combining (SkipList),Spin Parker
20,20,32,32,5354565,8557,86,242371410,Flat Combining (SkipList),Spin Parker
21,21,32,32,5657248,3012,90,242398110,Flat Combining (SkipList),Spin Parker
22,22,32,32,5350930,8554,86,260434740,Flat Combining (SkipList),Spin Parker
23,23,32,32,5653172,3010,90,484860570,Flat Combining (SkipList),Spin Parker
24,24,32,32,5367697,8577,86,,Flat Combining (SkipList),Spin Parker
25,25,32,32,5657348,3011,90,484701360,Flat Combining (SkipList),Spin Parker
26,26,32,32,5359679,8567,86,242329950,Flat Combining (SkipList),Spin Parker
27,27,32,32,5653293,3012,90,,Flat Combining (SkipList),Spin Parker
28,28,32,32,5375504,8596,86,242348910,Flat Combining (SkipList),Spin Parker
29,29,32,32,5660862,3015,91,969639840,Flat Combining (SkipList),Spin Parker
30,30,32,32,5364772,8574,86,,Flat Combining (SkipList),Spin Parker
31,31,32,32,5660898,3013,91,,Flat Combining (SkipList),Spin Parker
0,0,32,32,3111753,4447,45,259566270,Flat Combining,Spin Parker
1,1,32,32,9543401,4549,137,222633180,Flat Combining,Spin Parker
2,2,32,32,3200885,4579,46,318006510,Flat Combining,Spin Parker
3,3,32,32,9608627,4579,138,90042360,Flat Combining,Spin Parker
4,4,32,32,3204887,4579,46,604709040,Flat Combining,Spin Parker
5,5,32,32,9612126,4579,138,86394420,Flat Combining,Spin Parker
6,6,32,32,3202800,4578,46,288611550,Flat Combining,Spin Parker
7,7,32,32,9605843,4578,138,131462670,Flat Combining,Spin Parker
8,8,32,32,3201242,4579,46,208143480,Flat Combining,Spin Parker
9,9,32,32,9606776,4579,138,249355320,Flat Combining,Spin Parker
10,10,32,32,3202609,4579,46,251279460,Flat Combining,Spin Parker
11,11,32,32,9609902,4579,138,160908210,Flat Combining,Spin Parker
12,12,32,32,3192415,4564,46,419952840,Flat Combining,Spin Parker
13,13,32,32,9604671,4578,138,172792140,Flat Combining,Spin Parker
14,14,32,32,3200806,4578,46,249203760,Flat Combining,Spin Parker
15,15,32,32,9609155,4578,138,579490020,Flat Combining,Spin Parker
16,16,32,32,3114955,4475,45,192465360,Flat Combining,Spin Parker
17,17,32,32,9607140,4578,138,396352740,Flat Combining,Spin Parker
18,18,32,32,3202326,4578,46,162889500,Flat Combining,Spin Parker
19,19,32,32,9605444,4578,138,402391140,Flat Combining,Spin Parker
20,20,32,32,3203760,4578,46,164924520,Flat Combining,Spin Parker
21,21,32,32,9609077,4578,138,392650890,Flat Combining,Spin Parker
22,22,32,32,3202414,4578,46,135499560,Flat Combining,Spin Parker
23,23,32,32,9602135,4576,137,254555280,Flat Combining,Spin Parker
24,24,32,32,3203226,4578,46,410293350,Flat Combining,Spin Parker
25,25,32,32,9604822,4577,138,223790730,Flat Combining,Spin Parker
26,26,32,32,3200553,4577,46,339395040,Flat Combining,Spin Parker
27,27,32,32,9589062,4569,137,251328180,Flat Combining,Spin Parker
28,28,32,32,3203288,4577,46,424005240,Flat Combining,Spin Parker
29,29,32,32,9600563,4577,138,308302770,Flat Combining,Spin Parker
30,30,32,32,3166808,4577,46,430091400,Flat Combining,Spin Parker
31,31,32,32,9603190,4577,138,198187200,Flat Combining,Spin Parker
0,0,32,32,6019002,8613,87,245072220,Flat Combining Fair,Spin Parker
1,1,32,32,6065986,2894,87,253677690,Flat Combining Fair,Spin Parker
2,2,32,32,6029278,8624,87,142395090,Flat Combining Fair,Spin Parker
3,3,32,32,6070101,2893,87,241892640,Flat Combining Fair,Spin Parker
4,4,32,32,6027580,8623,87,253010910,Flat Combining Fair,Spin Parker
5,5,32,32,6066676,2893,87,240622920,Flat Combining Fair,Spin Parker
6,6,32,32,6033013,8626,87,340088550,Flat Combining Fair,Spin Parker
7,7,32,32,6062134,2893,87,252326970,Flat Combining Fair,Spin Parker
8,8,32,32,6031372,8628,87,286057980,Flat Combining Fair,Spin Parker
9,9,32,32,6072164,2893,87,293231130,Flat Combining Fair,Spin Parker
10,10,32,32,6013052,8600,86,286548870,Flat Combining Fair,Spin Parker
11,11,32,32,6060900,2892,87,309596460,Flat Combining Fair,Spin Parker
12,12,32,32,6024532,8622,87,287351910,Flat Combining Fair,Spin Parker
13,13,32,32,6058785,2892,87,318647370,Flat Combining Fair,Spin Parker
14,14,32,32,6029506,8621,87,344972970,Flat Combining Fair,Spin Parker
15,15,32,32,6068903,2893,87,332378760,Flat Combining Fair,Spin Parker
16,16,32,32,6027691,8624,87,227976870,Flat Combining Fair,Spin Parker
17,17,32,32,6063881,2892,87,255330300,Flat Combining Fair,Spin Parker
18,18,32,32,5997624,8580,86,259082520,Flat Combining Fair,Spin Parker
19,19,32,32,6066044,2892,87,280216080,Flat Combining Fair,Spin Parker
20,20,32,32,6030334,8629,87,261972960,Flat Combining Fair,Spin Parker
21,21,32,32,6064007,2891,87,233136750,Flat Combining Fair,Spin Parker
22,22,32,32,6031166,8629,87,264028890,Flat Combining Fair,Spin Parker
23,23,32,32,6066381,2892,87,260703510,Flat Combining Fair,Spin Parker
24,24,32,32,6028678,8619,87,315739890,Flat Combining Fair,Spin Parker
25,25,32,32,6063974,2891,87,317052030,Flat Combining Fair,Spin Parker
26,26,32,32,6023516,8617,87,298061370,Flat Combining Fair,Spin Parker
27,27,32,32,6063373,2892,87,301382280,Flat Combining Fair,Spin Parker
28,28,32,32,6013583,8603,86,290674740,Flat Combining Fair,Spin Parker
29,29,32,32,6067887,2892,87,310112910,Flat Combining Fair,Spin Parker
30,30,32,32,6020229,8607,86,307411560,Flat Combining Fair,Spin Parker
31,31,32,32,6066211,2891,87,320718150,Flat Combining Fair,Spin Parker
0,0,32,32,1405554,8344,85,430411650,Flat Combining Fair With Combiner Slice,Spin Parker
1,1,32,32,1469698,2896,87,269764650,Flat Combining Fair With Combiner Slice,Spin Parker
2,2,32,32,1404571,8356,85,307006860,Flat Combining Fair With Combiner Slice,Spin Parker
3,3,32,32,1472135,2898,87,268925400,Flat Combining Fair With Combiner Slice,Spin Parker
4,4,32,32,1400135,8334,85,261440490,Flat Combining Fair With Combiner Slice,Spin Parker
5,5,32,32,1466632,2898,87,263380110,Flat Combining Fair With Combiner Slice,Spin Parker
6,6,32,32,1401549,8330,85,269336820,Flat Combining Fair With Combiner Slice,Spin Parker
7,7,32,32,1470812,2900,88,262038960,Flat Combining Fair With Combiner Slice,Spin Parker
8,8,32,32,1398800,8333,85,269937750,Flat Combining Fair With Combiner Slice,Spin Parker
9,9,32,32,1475827,2900,88,268812030,Flat Combining Fair With Combiner Slice,Spin Parker
10,10,32,32,1403522,8332,85,268420950,Flat Combining Fair With Combiner Slice,Spin Parker
11,11,32,32,1477520,2899,88,269521590,Flat Combining Fair With Combiner Slice,Spin Parker
12,12,32,32,1405548,8327,85,270780000,Flat Combining Fair With Combiner Slice,Spin Parker
13,13,32,32,1473579,2899,88,269823690,Flat Combining Fair With Combiner Slice,Spin Parker
14,14,32,32,1393271,8226,84,268633710,Flat Combining Fair With Combiner Slice,Spin Parker
15,15,32,32,1471301,2900,88,270227040,Flat Combining Fair With Combiner Slice,Spin Parker
16,16,32,32,1397839,8340,85,268615950,Flat Combining Fair With Combiner Slice,Spin Parker
17,17,32,32,1469415,2899,88,263598540,Flat Combining Fair With Combiner Slice,Spin Parker
18,18,32,32,1397186,8312,85,269249100,Flat Combining Fair With Combiner Slice,Spin Parker
19,19,32,32,1464225,2897,87,270852120,Flat Combining Fair With Combiner Slice,Spin Parker
20,20,32,32,1393568,8302,85,266272110,Flat Combining Fair With Combiner Slice,Spin Parker
21,21,32,32,1467978,2899,88,267747330,Flat Combining Fair With Combiner Slice,Spin Parker
22,22,32,32,1402383,8349,85,267723060,Flat Combining Fair With Combiner Slice,Spin Parker
23,23,32,32,1474505,2899,88,270294150,Flat Combining Fair With Combiner Slice,Spin Parker
24,24,32,32,1404918,8334,85,269645610,Flat Combining Fair With Combiner Slice,Spin Parker
25,25,32,32,1476168,2899,88,272249880,Flat Combining Fair With Combiner Slice,Spin Parker
26,26,32,32,1409390,8342,85,272304360,Flat Combining Fair With Combiner Slice,Spin Parker
27,27,32,32,1476283,2899,88,268312950,Flat Combining Fair With Combiner Slice,Spin Parker
28,28,32,32,1401957,8314,85,268448790,Flat Combining Fair With Combiner Slice,Spin Parker
29,29,32,32,1471319,2898,88,269242800,Flat Combining Fair With Combiner Slice,Spin Parker
30,30,32,32,1404376,8313,85,267992310,Flat Combining Fair With Combiner Slice,Spin Parker
31,31,32,32,1449595,2868,88,268923030,Flat Combining Fair With Combiner Slice,Spin Parker
0,0,32,32,291264,453,5,,Mutex,Spin Parker
1,1,32,32,5983432,2555,77,,Mutex,Spin Parker
2,2,32,32,311392,476,5,,Mutex,Spin Parker
3,3,32,32,6594434,2810,84,,Mutex,Spin Parker
4,4,32,32,498734,759,8,,Mutex,Spin Parker
5,5,32,32,2717856,1156,35,,Mutex,Spin Parker
6,6,32,32,827728,1256,13,,Mutex,Spin Parker
7,7,32,32,11872840,5075,152,,Mutex,Spin Parker
8,8,32,32,998021,1415,14,,Mutex,Spin Parker
9,9,32,32,21689096,9242,278,,Mutex,Spin Parker
10,10,32,32,1524915,2167,22,,Mutex,Spin Parker
11,11,32,32,13129480,5592,168,,Mutex,Spin Parker
12,12,32,32,1091430,1627,16,,Mutex,Spin Parker
13,13,32,32,987269,437,13,,Mutex,Spin Parker
14,14,32,32,3162415,4621,46,,Mutex,Spin Parker
15,15,32,32,12269751,5249,158,,Mutex,Spin Parker
16,16,32,32,134601,187,2,,Mutex,Spin Parker
17,17,32,32,13287034,5655,170,,Mutex,Spin Parker
18,18,32,32,698525,1017,10,,Mutex,Spin Parker
19,19,32,32,4123116,1748,53,,Mutex,Spin Parker
20,20,32,32,378803,578,6,,Mutex,Spin Parker
21,21,32,32,38472521,16348,491,,Mutex,Spin Parker
22,22,32,32,257545,376,4,,Mutex,Spin Parker
23,23,32,32,2426,1,0,,Mutex,Spin Parker
24,24,32,32,3755597,5426,55,,Mutex,Spin Parker
25,25,32,32,18724203,7965,239,,Mutex,Spin Parker
26,26,32,32,35888,79,1,,Mutex,Spin Parker
27,27,32,32,1553616,665,20,,Mutex,Spin Parker
28,28,32,32,575607,850,9,,Mutex,Spin Parker
29,29,32,32,18387605,7856,236,,Mutex,Spin Parker
30,30,32,32,282297,407,4,,Mutex,Spin Parker
31,31,32,32,36854299,15752,473,,Mutex,Spin Parker
0,0,32,32,440208,2958,31,,SpinLock,Spin Parker
1,1,32,32,24091,63,2,,SpinLock,Spin Parker
2,2,32,32,96713,635,7,,SpinLock,Spin Parker
3,3,32,32,129189,289,9,,SpinLock,Spin Parker
4,4,32,32,281542,1972,20,,SpinLock,Spin Parker
5,5,32,32,108896,268,8,,SpinLock,Spin Parker
6,6,32,32,2576927,18427,189,,SpinLock,Spin Parker
7,7,32,32,74476,183,6,,SpinLock,Spin Parker
8,8,32,32,51655,482,5,,SpinLock,Spin Parker
9,9,32,32,219898,682,21,,SpinLock,Spin Parker
10,10,32,32,28891,243,2,,SpinLock,Spin Parker
11,11,32,32,90622,246,7,,SpinLock,Spin Parker
12,12,32,32,13949348,116812,1188,,SpinLock,Spin Parker
13,13,32,32,5530730,17100,517,,SpinLock,Spin Parker
14,14,32,32,108863,956,10,,SpinLock,Spin Parker
15,15,32,32,290452,822,25,,SpinLock,Spin Parker
16,16,32,32,93925,668,7,,SpinLock,Spin Parker
17,17,32,32,18014,42,1,,SpinLock,Spin Parker
18,18,32,32,718607,4753,49,,SpinLock,Spin Parker
19,19,32,32,538751,1417,43,,SpinLock,Spin Parker
20,20,32,32,2734188,19295,199,,SpinLock,Spin Parker
21,21,32,32,36154,84,3,,SpinLock,Spin Parker
22,22,32,32,371014,2611,27,,SpinLock,Spin Parker
23,23,32,32,765556,1815,55,,SpinLock,Spin Parker
24,24,32,32,48016,433,4,,SpinLock,Spin Parker
25,25,32,32,112880,317,10,,SpinLock,Spin Parker
26,26,32,32,32448,265,3,,SpinLock,Spin Parker
27,27,32,32,241674,695,21,,SpinLock,Spin Parker
28,28,32,32,1147462,9775,99,,SpinLock,Spin Parker
29,29,32,32,4357388,13542,409,,SpinLock,Spin Parker
30,30,32,32,74091,620,6,,SpinLock,Spin Parker
31,31,32,32,144471,403,12,,SpinLock,Spin Parker
0,0,32,32,2717808,4582,46,,CCSynch,Spin Parker
1,1,32,32,8269441,4581,138,826605240,CCSynch,Spin Parker
2,2,32,32,2719525,4582,46,,CCSynch,Spin Parker
3,3,32,32,8243785,4580,138,,CCSynch,Spin Parker
4,4,32,32,2693437,4580,46,,CCSynch,Spin Parker
5,5,32,32,8246748,4579,138,,CCSynch,Spin Parker
6,6,32,32,2703658,4579,46,,CCSynch,Spin Parker
7,7,32,32,8237254,4578,138,,CCSynch,Spin Parker
8,8,32,32,2708036,4578,46,1793422650,CCSynch,Spin Parker
9,9,32,32,8248030,4577,138,1010550,CCSynch,Spin Parker
10,10,32,32,2705828,4577,46,,CCSynch,Spin Parker
11,11,32,32,8219696,4576,137,,CCSynch,Spin Parker
12,12,32,32,2701288,4576,46,1796435820,CCSynch,Spin Parker
13,13,32,32,8236386,4576,137,,CCSynch,Spin Parker
14,14,32,32,2691433,4576,46,,CCSynch,Spin Parker
15,15,32,32,8226689,4575,137,987330,CCSynch,Spin Parker
16,16,32,32,2690542,4576,46,,CCSynch,Spin Parker
17,17,32,32,8244343,4575,137,,CCSynch,Spin Parker
18,18,32,32,2710211,4575,46,,CCSynch,Spin Parker
19,19,32,32,8240650,4575,137,,CCSynch,Spin Parker
20,20,32,32,2715796,4575,46,,CCSynch,Spin Parker
21,21,32,32,8234761,4574,137,927240,CCSynch,Spin Parker
22,22,32,32,2724323,4575,46,,CCSynch,Spin Parker
23,23,32,32,8210765,4574,137,63270,CCSynch,Spin Parker
24,24,32,32,2702223,4575,46,1794210300,CCSynch,Spin Parker
25,25,32,32,8224363,4574,137,1795276830,CCSynch,Spin Parker
26,26,32,32,2702232,4574,46,,CCSynch,Spin Parker
27,27,32,32,8229113,4574,137,,CCSynch,Spin Parker
28,28,32,32,2709383,4574,46,,CCSynch,Spin Parker
29,29,32,32,8221436,4574,137,969566940,CCSynch,Spin Parker
30,30,32,32,2708896,4574,46,,CCSynch,Spin Parker
31,31,32,32,8224337,4573,137,,CCSynch,Spin Parker
0,0,32,32,5296980,9020,91,285871380,CCSynch (Ban)/Spin,Spin Parker
1,1,32,32,5443669,3051,92,274974060,CCSynch (Ban)/Spin,Spin Parker
2,2,32,32,5290200,9018,91,290116830,CCSynch (Ban)/Spin,Spin Parker
3,3,32,32,5437673,3051,92,263566740,CCSynch (Ban)/Spin,Spin Parker
4,4,32,32,5291572,9018,91,290558340,CCSynch (Ban)/Spin,Spin Parker
5,5,32,32,5438758,3051,92,277991070,CCSynch (Ban)/Spin,Spin Parker
6,6,32,32,5290828,9018,91,267501540,CCSynch (Ban)/Spin,Spin Parker
7,7,32,32,5438654,3050,92,292732980,CCSynch (Ban)/Spin,Spin Parker
8,8,32,32,5290717,9017,91,264671610,CCSynch (Ban)/Spin,Spin Parker
9,9,32,32,5440254,3050,92,273412530,CCSynch (Ban)/Spin,Spin Parker
10,10,32,32,5282485,9017,91,259224180,CCSynch (Ban)/Spin,Spin Parker
11,11,32,32,5434148,3050,92,266901810,CCSynch (Ban)/Spin,Spin Parker
12,12,32,32,5285274,9016,91,286109220,CCSynch (Ban)/Spin,Spin Parker
13,13,32,32,5430472,3049,92,276188730,CCSynch (Ban)/Spin,Spin Parker
14,14,32,32,5291746,9016,91,254309130,CCSynch (Ban)/Spin,Spin Parker
15,15,32,32,5441391,3049,92,250591530,CCSynch (Ban)/Spin,Spin Parker
16,16,32,32,5288406,9015,91,275020740,CCSynch (Ban)/Spin,Spin Parker
17,17,32,32,5435886,3049,92,287307480,CCSynch (Ban)/Spin,Spin Parker
18,18,32,32,5294084,9015,91,263160120,CCSynch (Ban)/Spin,Spin Parker
19,19,32,32,5442122,3049,92,276254160,CCSynch (Ban)/Spin,Spin Parker
20,20,32,32,5285123,9015,91,266334990,CCSynch (Ban)/Spin,Spin Parker
21,21,32,32,5436538,3049,92,262115160,CCSynch (Ban)/Spin,Spin Parker
22,22,32,32,5285675,9015,91,258217800,CCSynch (Ban)/Spin,Spin Parker
23,23,32,32,5436040,3049,92,272591370,CCSynch (Ban)/Spin,Spin Parker
24,24,32,32,5291891,9014,91,252260880,CCSynch (Ban)/Spin,Spin Parker
25,25,32,32,5436820,3048,92,290038680,CCSynch (Ban)/Spin,Spin Parker
26,26,32,32,5289004,9014,91,294009270,CCSynch (Ban)/Spin,Spin Parker
27,27,32,32,5436505,3048,92,263608650,CCSynch (Ban)/Spin,Spin Parker
28,28,32,32,5289112,9013,91,287327040,CCSynch (Ban)/Spin,Spin Parker
29,29,32,32,5442320,3049,92,271076130,CCSynch (Ban)/Spin,Spin Parker
30,30,32,32,5288438,9013,91,258655260,CCSynch (Ban)/Spin,Spin Parker
31,31,32,32,5435771,3048,92,274055490,CCSynch (Ban)/Spin,Spin Parker
0,0,32,31,2741775,4630,47,,RCL,Spin Parker
1,1,32,31,8288495,4630,139,,RCL,Spin Parker
2,2,32,31,2719835,4629,47,,RCL,Spin Parker
3,3,32,31,8283123,4628,139,,RCL,Spin Parker
4,4,32,31,2716505,4628,47,,RCL,Spin Parker
5,5,32,31,8291116,4628,139,,RCL,Spin Parker
6,6,32,31,2723139,4627,46,,RCL,Spin Parker
7,7,32,31,8287725,4627,139,,RCL,Spin Parker
8,8,32,31,2722551,4627,46,,RCL,Spin Parker
9,9,32,31,8291769,4627,139,,RCL,Spin Parker
10,10,32,31,2731572,4627,46,,RCL,Spin Parker
11,11,32,31,8293239,4626,139,,RCL,Spin Parker
12,12,32,31,2730380,4626,46,,RCL,Spin Parker
13,13,32,31,8298557,4626,139,,RCL,Spin Parker
14,14,32,31,2707166,4626,46,,RCL,Spin Parker
15,15,32,31,8334555,4626,139,,RCL,Spin Parker
16,16,32,31,2780864,4626,46,,RCL,Spin Parker
17,17,32,31,8281060,4626,139,,RCL,Spin Parker
18,18,32,31,2716368,4625,46,,RCL,Spin Parker
19,19,32,31,8277809,4625,139,,RCL,Spin Parker
20,20,32,31,2715777,4625,46,,RCL,Spin Parker
21,21,32,31,8282456,4625,139,,RCL,Spin Parker
22,22,32,31,2721710,4625,46,,RCL,Spin Parker
23,23,32,31,8280892,4625,139,,RCL,Spin Parker
24,24,32,31,2721566,4625,46,,RCL,Spin Parker
25,25,32,31,8297495,4624,139,,RCL,Spin Parker
26,26,32,31,2731668,4625,46,,RCL,Spin Parker
27,27,32,31,8292470,4625,139,,RCL,Spin Parker
28,28,32,31,2728847,4625,46,,RCL,Spin Parker
29,29,32,31,8316236,4612,139,,RCL,Spin Parker
30,30,32,31,2683595,4624,46,,RCL,Spin Parker
31,0,32,31,8290920,4624,139,,RCL,Spin Parker
0,0,32,32,6018005,7523,76,273800520,Flat Combining (SkipList),BlockParker
1,1,32,32,7048683,2909,87,,Flat Combining (SkipList),BlockParker
2,2,32,32,6236896,7740,78,484027620,Flat Combining (SkipList),BlockParker
3,3,32,32,7056406,2910,87,,Flat Combining (SkipList),BlockParker
4,4,32,32,6341998,7869,79,484096590,Flat Combining (SkipList),BlockParker
5,5,32,32,7057759,2913,88,726276390,Flat Combining (SkipList),BlockParker
6,6,32,32,6232998,7822,79,242127390,Flat Combining (SkipList),BlockParker
7,7,32,32,7056833,2912,87,242024010,Flat Combining (SkipList),BlockParker
8,8,32,32,6191065,7785,78,242134050,Flat Combining (SkipList),BlockParker
9,9,32,32,7068559,2915,88,,Flat Combining (SkipList),BlockParker
10,10,32,32,6276257,7778,78,726302430,Flat Combining (SkipList),BlockParker
11,11,32,32,7070660,2916,88,,Flat Combining (SkipList),BlockParker
12,12,32,32,6138892,7851,79,,Flat Combining (SkipList),BlockParker
13,13,32,32,7070659,2919,88,,Flat Combining (SkipList),BlockParker
14,14,32,32,6407458,7943,80,725952360,Flat Combining (SkipList),BlockParker
15,15,32,32,6635755,2935,88,,Flat Combining (SkipList),BlockParker
16,16,32,32,6189935,7747,78,242171250,Flat Combining (SkipList),BlockParker
17,17,32,32,7048986,2909,87,,Flat Combining (SkipList),BlockParker
18,18,32,32,6178986,7758,78,,Flat Combining (SkipList),BlockParker
19,19,32,32,7037127,2908,87,,Flat Combining (SkipList),BlockParker
20,20,32,32,6176933,7757,78,,Flat Combining (SkipList),BlockParker
21,21,32,32,6934463,2918,88,,Flat Combining (SkipList),BlockParker
22,22,32,32,6233739,7781,78,483898500,Flat Combining (SkipList),BlockParker
23,23,32,32,7029769,2914,88,,Flat Combining (SkipList),BlockParker
24,24,32,32,6254254,7797,78,484078710,Flat Combining (SkipList),BlockParker
25,25,32,32,7062937,2913,88,,Flat Combining (SkipList),BlockParker
26,26,32,32,6201445,7839,79,,Flat Combining (SkipList),BlockParker
27,27,32,32,7079466,2916,88,,Flat Combining (SkipList),BlockParker
28,28,32,32,6299754,7813,78,1210391940,Flat Combining (SkipList),BlockParker
29,29,32,32,7074293,2921,88,,Flat Combining (SkipList),BlockParker
30,30,32,32,6332947,7991,80,,Flat Combining (SkipList),BlockParker
31,31,32,32,7067262,2916,88,2420751420,Flat Combining (SkipList),BlockParker
0,0,32,32,2943428,3742,38,1425403560,Flat Combining,BlockParker
1,1,32,32,9072239,3763,113,1338613440,Flat Combining,BlockParker
2,2,32,32,3483414,4442,45,,Flat Combining,BlockParker
3,3,32,32,10501953,4425,133,56504430,Flat Combining,BlockParker
4,4,32,32,3073143,3823,38,2527123650,Flat Combining,BlockParker
5,5,32,32,9203763,3781,114,2660638200,Flat Combining,BlockParker
6,6,32,32,3427425,4441,45,,Flat Combining,BlockParker
7,7,32,32,10604493,4366,131,302161860,Flat Combining,BlockParker
8,8,32,32,3575047,4439,45,4180860,Flat Combining,BlockParker
9,9,32,32,10438011,4422,133,72687240,Flat Combining,BlockParker
10,10,32,32,3429343,4426,44,44923140,Flat Combining,BlockParker
11,11,32,32,10667680,4439,133,4038750,Flat Combining,BlockParker
12,12,32,32,3606999,4436,45,16382250,Flat Combining,BlockParker
13,13,32,32,10643502,4440,133,,Flat Combining,BlockParker
14,14,32,32,3452182,4427,44,52889850,Flat Combining,BlockParker
15,15,32,32,10858704,4423,133,68552520,Flat Combining,BlockParker
16,16,32,32,3380020,4435,45,16355520,Flat Combining,BlockParker
17,17,32,32,10677847,4422,133,68655780,Flat Combining,BlockParker
18,18,32,32,3605733,4436,45,12254820,Flat Combining,BlockParker
19,19,32,32,10762582,4437,133,8071080,Flat Combining,BlockParker
20,20,32,32,3440794,4438,45,4093500,Flat Combining,BlockParker
21,21,32,32,10654297,4427,133,48443010,Flat Combining,BlockParker
22,22,32,32,3480209,4437,45,8203470,Flat Combining,BlockParker
23,23,32,32,10733266,4433,133,24233730,Flat Combining,BlockParker
24,24,32,32,3450172,4435,45,20482410,Flat Combining,BlockParker
25,25,32,32,10634515,4435,133,20198400,Flat Combining,BlockParker
26,26,32,32,3545584,4437,45,12284400,Flat Combining,BlockParker
27,27,32,32,10513502,4423,133,68672640,Flat Combining,BlockParker
28,28,32,32,3540258,4437,45,8193540,Flat Combining,BlockParker
29,29,32,32,10541699,4431,133,32886060,Flat Combining,BlockParker
30,30,32,32,3472118,4424,44,12288600,Flat Combining,BlockParker
31,31,32,32,10687098,4432,133,28287540,Flat Combining,BlockParker
0,0,32,32,5865088,7364,74,1508395530,Flat Combining Fair,BlockParker
1,1,32,32,6841049,2851,86,535080270,Flat Combining Fair,BlockParker
2,2,32,32,5870126,7358,74,214695360,Flat Combining Fair,BlockParker
3,3,32,32,6838446,2848,86,387704550,Flat Combining Fair,BlockParker
4,4,32,32,5850124,7346,74,516440850,Flat Combining Fair,BlockParker
5,5,32,32,6837853,2847,86,220605270,Flat Combining Fair,BlockParker
6,6,32,32,5869173,7365,74,255722970,Flat Combining Fair,BlockParker
7,7,32,32,6837010,2848,86,195936480,Flat Combining Fair,BlockParker
8,8,32,32,5835887,7323,74,213963360,Flat Combining Fair,BlockParker
9,9,32,32,6825633,2845,85,185248350,Flat Combining Fair,BlockParker
10,10,32,32,5865783,7337,74,211804260,Flat Combining Fair,BlockParker
11,11,32,32,6822431,2845,85,161627490,Flat Combining Fair,BlockParker
12,12,32,32,5852706,7336,74,227062680,Flat Combining Fair,BlockParker
13,13,32,32,6829042,2846,86,178942620,Flat Combining Fair,BlockParker
14,14,32,32,5857725,7342,74,225128760,Flat Combining Fair,BlockParker
15,15,32,32,6821963,2843,85,183966930,Flat Combining Fair,BlockParker
16,16,32,32,5742236,7421,75,254010570,Flat Combining Fair,BlockParker
17,17,32,32,6775714,2848,86,187293750,Flat Combining Fair,BlockParker
18,18,32,32,5869858,7357,74,225974550,Flat Combining Fair,BlockParker
19,19,32,32,6766635,2844,85,187112850,Flat Combining Fair,BlockParker
20,20,32,32,5800977,7314,73,237395160,Flat Combining Fair,BlockParker
21,21,32,32,6799393,2843,85,183322740,Flat Combining Fair,BlockParker
22,22,32,32,5848888,7354,74,231688620,Flat Combining Fair,BlockParker
23,23,32,32,6821728,2843,85,177921900,Flat Combining Fair,BlockParker
24,24,32,32,5839860,7324,74,236406000,Flat Combining Fair,BlockParker
25,25,32,32,6804757,2841,85,198381330,Flat Combining Fair,BlockParker
26,26,32,32,5809943,7295,73,215518200,Flat Combining Fair,BlockParker
27,27,32,32,6813675,2839,85,210406620,Flat Combining Fair,BlockParker
28,28,32,32,5795504,7283,73,211134210,Flat Combining Fair,BlockParker
29,29,32,32,6799791,2839,85,169943070,Flat Combining Fair,BlockParker
30,30,32,32,5771699,7262,73,244497960,Flat Combining Fair,BlockParker
31,31,32,32,6808907,2841,85,185326590,Flat Combining Fair,BlockParker
0,0,32,32,5218064,7302,73,1571149260,Flat Combining Fair With Combiner Slice,BlockParker
1,1,32,32,6156923,2842,85,596244600,Flat Combining Fair With Combiner Slice,BlockParker
2,2,32,32,5208222,7303,73,867714180,Flat Combining Fair With Combiner Slice,BlockParker
3,3,32,32,6155719,2843,85,290823180,Flat Combining Fair With Combiner Slice,BlockParker
4,4,32,32,5233276,7295,73,197395020,Flat Combining Fair With Combiner Slice,BlockParker
5,5,32,32,6149807,2842,85,212996220,Flat Combining Fair With Combiner Slice,BlockParker
6,6,32,32,5214408,7292,73,281933910,Flat Combining Fair With Combiner Slice,BlockParker
7,7,32,32,6158759,2842,85,169761150,Flat Combining Fair With Combiner Slice,BlockParker
8,8,32,32,5206559,7278,73,216088710,Flat Combining Fair With Combiner Slice,BlockParker
9,9,32,32,6162632,2839,85,168961770,Flat Combining Fair With Combiner Slice,BlockParker
10,10,32,32,5217882,7288,73,213172530,Flat Combining Fair With Combiner Slice,BlockParker
11,11,32,32,6151835,2839,85,155227440,Flat Combining Fair With Combiner Slice,BlockParker
12,12,32,32,5203390,7285,73,173510880,Flat Combining Fair With Combiner Slice,BlockParker
13,13,32,32,6144983,2840,85,160224270,Flat Combining Fair With Combiner Slice,BlockParker
14,14,32,32,5207218,7276,73,179311200,Flat Combining Fair With Combiner Slice,BlockParker
15,15,32,32,6147819,2841,85,155938830,Flat Combining Fair With Combiner Slice,BlockParker
16,16,32,32,5107764,7362,74,221107290,Flat Combining Fair With Combiner Slice,BlockParker
17,17,32,32,6092153,2844,85,176542200,Flat Combining Fair With Combiner Slice,BlockParker
18,18,32,32,5162322,7334,74,192774570,Flat Combining Fair With Combiner Slice,BlockParker
19,19,32,32,6139660,2840,85,168195420,Flat Combining Fair With Combiner Slice,BlockParker
20,20,32,32,5198132,7264,73,177513840,Flat Combining Fair With Combiner Slice,BlockParker
21,21,32,32,6137549,2838,85,167012790,Flat Combining Fair With Combiner Slice,BlockParker
22,22,32,32,5206422,7280,73,209214120,Flat Combining Fair With Combiner Slice,BlockParker
23,23,32,32,6147746,2839,85,166512360,Flat Combining Fair With Combiner Slice,BlockParker
24,24,32,32,5215057,7275,73,200363490,Flat Combining Fair With Combiner Slice,BlockParker
25,25,32,32,6149486,2837,85,179669340,Flat Combining Fair With Combiner Slice,BlockParker
26,26,32,32,5212638,7288,73,219163560,Flat Combining Fair With Combiner Slice,BlockParker
27,27,32,32,6145284,2838,85,192271050,Flat Combining Fair With Combiner Slice,BlockParker
28,28,32,32,5198060,7260,73,200492550,Flat Combining Fair With Combiner Slice,BlockParker
29,29,32,32,6149384,2836,85,191699190,Flat Combining Fair With Combiner Slice,BlockParker
30,30,32,32,5194285,7235,73,193185000,Flat Combining Fair With Combiner Slice,BlockParker
31,31,32,32,6136182,2833,85,195425790,Flat Combining Fair With Combiner Slice,BlockParker
0,0,32,32,137107,216,2,,Mutex,BlockParker
1,1,32,32,10240603,4358,131,,Mutex,BlockParker
2,2,32,32,153175,217,2,,Mutex,BlockParker
3,3,32,32,14446255,6140,184,,Mutex,BlockParker
4,4,32,32,174860,299,3,,Mutex,BlockParker
5,5,32,32,15765086,6732,202,,Mutex,BlockParker
6,6,32,32,275260,452,5,,Mutex,BlockParker
7,7,32,32,47712019,20376,612,,Mutex,BlockParker
8,8,32,32,106910,175,2,,Mutex,BlockParker
9,9,32,32,6000135,2547,77,,Mutex,BlockParker
10,10,32,32,464661,654,7,,Mutex,BlockParker
11,11,32,32,4028944,1710,51,,Mutex,BlockParker
12,12,32,32,177038,289,3,,Mutex,BlockParker
13,13,32,32,7472819,3175,95,,Mutex,BlockParker
14,14,32,32,540104,763,8,,Mutex,BlockParker
15,15,32,32,2707504,1159,35,,Mutex,BlockParker
16,16,32,32,3544235,5108,51,,Mutex,BlockParker
17,17,32,32,34435120,14656,440,,Mutex,BlockParker
18,18,32,32,177817,281,3,,Mutex,BlockParker
19,19,32,32,5948384,2529,76,,Mutex,BlockParker
20,20,32,32,168805,249,3,,Mutex,BlockParker
21,21,32,32,6425782,2747,83,,Mutex,BlockParker
22,22,32,32,356894,534,5,,Mutex,BlockParker
23,23,32,32,3961144,1690,51,,Mutex,BlockParker
24,24,32,32,1201059,1745,18,,Mutex,BlockParker
25,25,32,32,4113984,1746,52,,Mutex,BlockParker
26,26,32,32,251322,353,4,,Mutex,BlockParker
27,27,32,32,299403,142,4,,Mutex,BlockParker
28,28,32,32,3915975,5659,57,,Mutex,BlockParker
29,29,32,32,8285794,3535,106,,Mutex,BlockParker
30,30,32,32,20266545,29216,293,,Mutex,BlockParker
31,31,32,32,14107267,6009,181,,Mutex,BlockParker
0,0,32,32,152485,1225,12,,SpinLock,BlockParker
1,1,32,32,256570,737,22,,SpinLock,BlockParker
2,2,32,32,103940,910,9,,SpinLock,BlockParker
3,3,32,32,428565,1260,38,,SpinLock,BlockParker
4,4,32,32,516068,4365,44,,SpinLock,BlockParker
5,5,32,32,62107,171,5,,SpinLock,BlockParker
6,6,32,32,159135,1342,14,,SpinLock,BlockParker
7,7,32,32,330505,1015,31,,SpinLock,BlockParker
8,8,32,32,3392232,23481,242,,SpinLock,BlockParker
9,9,32,32,454690,1145,35,,SpinLock,BlockParker
10,10,32,32,4430884,31574,325,,SpinLock,BlockParker
11,11,32,32,95906,222,7,,SpinLock,BlockParker
12,12,32,32,4324892,31457,321,,SpinLock,BlockParker
13,13,32,32,2269332,5354,162,,SpinLock,BlockParker
14,14,32,32,3447271,25791,264,,SpinLock,BlockParker
15,15,32,32,142129,347,11,,SpinLock,BlockParker
16,16,32,32,39824,350,4,,SpinLock,BlockParker
17,17,32,32,748961,2024,61,,SpinLock,BlockParker
18,18,32,32,55807,492,5,,SpinLock,BlockParker
19,19,32,32,605903,1747,53,,SpinLock,BlockParker
20,20,32,32,208304,1794,18,,SpinLock,BlockParker
21,21,32,32,12124,36,1,,SpinLock,BlockParker
22,22,32,32,78970,667,7,,SpinLock,BlockParker
23,23,32,32,81574,261,8,,SpinLock,BlockParker
24,24,32,32,288,2,0,,SpinLock,BlockParker
25,25,32,32,122779,280,8,,SpinLock,BlockParker
26,26,32,32,5025246,34803,359,,SpinLock,BlockParker
27,27,32,32,34101,79,2,,SpinLock,BlockParker
28,28,32,32,874027,6244,64,,SpinLock,BlockParker
29,29,32,32,892098,2090,63,,SpinLock,BlockParker
30,30,32,32,9787222,74081,759,,SpinLock,BlockParker
31,31,32,32,530752,1283,39,,SpinLock,BlockParker
0,0,32,32,3430242,4243,43,,CCSynch,BlockParker
1,1,32,32,10203425,4252,128,,CCSynch,BlockParker
2,2,32,32,3473115,4248,43,23136720,CCSynch,BlockParker
3,3,32,32,10145882,4248,128,1013250,CCSynch,BlockParker
4,4,32,32,3485728,4249,43,1793370060,CCSynch,BlockParker
5,5,32,32,10138952,4248,128,,CCSynch,BlockParker
6,6,32,32,3412789,4248,43,1772459790,CCSynch,BlockParker
7,7,32,32,10136628,4247,128,23261370,CCSynch,BlockParker
8,8,32,32,3472250,4247,43,,CCSynch,BlockParker
9,9,32,32,10517043,4245,128,91470,CCSynch,BlockParker
10,10,32,32,3353619,4246,43,,CCSynch,BlockParker
11,11,32,32,10328959,4246,128,123420,CCSynch,BlockParker
12,12,32,32,3411586,4246,43,,CCSynch,BlockParker
13,13,32,32,10327910,4245,128,1063170,CCSynch,BlockParker
14,14,32,32,3461549,4245,43,,CCSynch,BlockParker
15,15,32,32,10137663,4245,128,,CCSynch,BlockParker
16,16,32,32,3411300,4245,43,,CCSynch,BlockParker
17,17,32,32,10201692,4245,128,,CCSynch,BlockParker
18,18,32,32,3409821,4245,43,1157730,CCSynch,BlockParker
19,19,32,32,10135320,4244,128,1771008090,CCSynch,BlockParker
20,20,32,32,3398648,4245,43,,CCSynch,BlockParker
21,21,32,32,10317004,4244,128,1795127880,CCSynch,BlockParker
22,22,32,32,3349316,4244,43,,CCSynch,BlockParker
23,23,32,32,10317255,4244,128,22437600,CCSynch,BlockParker
24,24,32,32,3457161,4244,43,,CCSynch,BlockParker
25,25,32,32,10327175,4243,127,,CCSynch,BlockParker
26,26,32,32,3412797,4242,43,,CCSynch,BlockParker
27,27,32,32,10317872,4243,127,,CCSynch,BlockParker
28,28,32,32,3342543,4243,43,1771067310,CCSynch,BlockParker
29,29,32,32,10326332,4243,127,,CCSynch,BlockParker
30,30,32,32,3416530,4243,43,,CCSynch,BlockParker
31,31,32,32,10130965,4243,127,,CCSynch,BlockParker
0,0,32,32,4802661,7930,80,268332420,CCSynch (Ban)/Spin,BlockParker
1,1,32,32,5370131,2948,89,276813990,CCSynch (Ban)/Spin,BlockParker
2,2,32,32,4850018,7929,80,275495160,CCSynch (Ban)/Spin,BlockParker
3,3,32,32,5420122,2949,89,270912540,CCSynch (Ban)/Spin,BlockParker
4,4,32,32,4823554,7925,80,273762360,CCSynch (Ban)/Spin,BlockParker
5,5,32,32,5351671,2949,89,271875450,CCSynch (Ban)/Spin,BlockParker
6,6,32,32,4821547,7926,80,263601900,CCSynch (Ban)/Spin,BlockParker
7,7,32,32,5356431,2948,89,261799110,CCSynch (Ban)/Spin,BlockParker
8,8,32,32,4824891,7925,80,264156930,CCSynch (Ban)/Spin,BlockParker
9,9,32,32,5365159,2948,89,271340160,CCSynch (Ban)/Spin,BlockParker
10,10,32,32,4814068,7926,80,272542410,CCSynch (Ban)/Spin,BlockParker
11,11,32,32,5351102,2948,89,275019480,CCSynch (Ban)/Spin,BlockParker
12,12,32,32,4821618,7926,80,275920920,CCSynch (Ban)/Spin,BlockParker
13,13,32,32,5365688,2948,89,269575320,CCSynch (Ban)/Spin,BlockParker
14,14,32,32,4819398,7925,80,266743080,CCSynch (Ban)/Spin,BlockParker
15,15,32,32,5337356,2948,89,262140210,CCSynch (Ban)/Spin,BlockParker
16,16,32,32,4813548,7925,80,267825270,CCSynch (Ban)/Spin,BlockParker
17,17,32,32,5394528,2947,89,265411710,CCSynch (Ban)/Spin,BlockParker
18,18,32,32,4846202,7925,80,280531290,CCSynch (Ban)/Spin,BlockParker
19,19,32,32,5360370,2948,89,274197360,CCSynch (Ban)/Spin,BlockParker
20,20,32,32,4800897,7923,80,268709400,CCSynch (Ban)/Spin,BlockParker
21,21,32,32,5371688,2944,89,272053440,CCSynch (Ban)/Spin,BlockParker
22,22,32,32,4784345,7924,80,270868440,CCSynch (Ban)/Spin,BlockParker
23,23,32,32,5480639,2947,89,255275880,CCSynch (Ban)/Spin,BlockParker
24,24,32,32,4781231,7924,80,266158770,CCSynch (Ban)/Spin,BlockParker
25,25,32,32,5444410,2947,89,286790310,CCSynch (Ban)/Spin,BlockParker
26,26,32,32,4831432,7924,80,262943400,CCSynch (Ban)/Spin,BlockParker
27,27,32,32,5452655,2947,89,262685370,CCSynch (Ban)/Spin,BlockParker
28,28,32,32,4843634,7923,80,259287060,CCSynch (Ban)/Spin,BlockParker
29,29,32,32,5467033,2947,89,265757490,CCSynch (Ban)/Spin,BlockParker
30,30,32,32,4800992,7921,80,259415910,CCSynch (Ban)/Spin,BlockParker
31,31,32,32,5436907,2947,89,276562080,CCSynch (Ban)/Spin,BlockParker
0,0,32,31,2721074,4626,46,,RCL,BlockParker
1,1,32,31,8294028,4629,139,,RCL,BlockParker
2,2,32,31,2720668,4629,47,,RCL,BlockParker
3,3,32,31,8298397,4629,139,,RCL,BlockParker
4,4,32,31,2727510,4628,46,,RCL,BlockParker
5,5,32,31,8290692,4628,139,,RCL,BlockParker
6,6,32,31,2726539,4627,46,,RCL,BlockParker
7,7,32,31,8298643,4627,139,,RCL,BlockParker
8,8,32,31,2736943,4627,47,,RCL,BlockParker
9,9,32,31,8296954,4627,139,,RCL,BlockParker
10,10,32,31,2735638,4627,46,,RCL,BlockParker
11,11,32,31,8286749,4627,139,,RCL,BlockParker
12,12,32,31,2730813,4610,46,,RCL,BlockParker
13,13,32,31,8302787,4627,139,,RCL,BlockParker
14,14,32,31,2712106,4625,46,,RCL,BlockParker
15,15,32,31,8347175,4626,139,,RCL,BlockParker
16,16,32,31,2779369,4626,46,,RCL,BlockParker
17,17,32,31,8287244,4625,139,,RCL,BlockParker
18,18,32,31,2720555,4626,46,,RCL,BlockParker
19,19,32,31,8288613,4626,139,,RCL,BlockParker
20,20,32,31,2736053,4624,46,,RCL,BlockParker
21,21,32,31,8289264,4624,139,,RCL,BlockParker
22,22,32,31,2717818,4624,46,,RCL,BlockParker
23,23,32,31,8292435,4624,139,,RCL,BlockParker
24,24,32,31,2717103,4624,46,,RCL,BlockParker
25,25,32,31,8292127,4624,139,,RCL,BlockParker
26,26,32,31,2722152,4614,46,,RCL,BlockParker
27,27,32,31,8301803,4623,139,,RCL,BlockParker
28,28,32,31,2726364,4623,46,,RCL,BlockParker
29,29,32,31,8342620,4623,139,,RCL,BlockParker
30,30,32,31,2715404,4623,46,,RCL,BlockParker
31,0,32,31,8295312,4617,139,,RCL,BlockParker
